comment_id,author_handle,comment,category,category_key,classification_confidence
1,@tanzinrahmanripon2265,আল্লাহ আপনি সহায়ক হন সবার জন্য 🤲,religious prayer or general grief,religious_prayer_or_general_grief,42.21
2,@AyeshaAktar-v4z,এই পরিস্থিতিী জন্য দ্বায়ী সেনাপ্রধান আর ইউনুস।,blaming politicians or the government,blaming_politicians_or_the_government,57.25
3,@Mubarek-y9k,এ মনে হয় পড়াশোনা না করেই মন্ত্রী হয়েছে,"vaccine hesitancy, conspiracy, or doubting the vaccine",vaccine_hesitancy_conspiracy_or_doubting_the_vaccine,44.55
4,@Mohammed-wm8lt,২ বছর ধরে হামের টিকা দেয়া হ হয়নি,"vaccine hesitancy, conspiracy, or doubting the vaccine",vaccine_hesitancy_conspiracy_or_doubting_the_vaccine,40.04
5,@cvggjkfsxvbn,"মন্ত্রী সত্য কথা বলছে। ৮ বছরের তথ্য নুনুস গ্যাং, নাহিদ ও আসিফ উপদেষ্টা থাকা অবস্থায় সচিবালয়ে আগুন দিয়ে পুড়িয়ে দেয়া হয়েছে। কুকুর পুড়ে মারা গেছে নাটকটা মনে আছে?",blaming politicians or the government,blaming_politicians_or_the_government,50.14
6,@hossain7543,তোরা হইলি বড় চোর বিগত ২ বছর আর এই বছর নাই কেন উত্তর দেও,"vaccine hesitancy, conspiracy, or doubting the vaccine",vaccine_hesitancy_conspiracy_or_doubting_the_vaccine,74.54
7,@MdAbdullah-w2j7r,আল্লাহ সুস্থ করে দাও নিস্পাপ শিশুদেরকে,seeking medical advice or sharing symptoms,seeking_medical_advice_or_sharing_symptoms,37.94
8,@village_life_story_officials,আল্লাহ তুমি সবাই কে হেফাজত করুন ফি আমানিল্লাহ্ ❤❤❤,religious prayer or general grief,religious_prayer_or_general_grief,42.46
9,@tulisiamsajim,সবাই দোয়া করেন আমার সন্তান যেনো সুস্থ থাকে🥺🥺🥺🥺,seeking medical advice or sharing symptoms,seeking_medical_advice_or_sharing_symptoms,50.4
10,@GAUSEMINA-z7d,❤❤❤❤❤ হে আল্লাহ তুমি আমাদের সবাই কে হিফাজত করিও মালিক আমিন আমিন আমিন আমিন আমিন আমিন আমিন ❤❤❤❤❤❤❤❤❤❤❤❤❤❤❤❤❤,blaming politicians or the government,blaming_politicians_or_the_government,34.92
11,@JahagirYoho,আললাহু মাপ করুন,seeking medical advice or sharing symptoms,seeking_medical_advice_or_sharing_symptoms,26.76
12,@urmi1342,কেন হচ্ছে কি কারনে হচ্ছে রোগ গুলো নতুন করে সেটা খুঁজে বের করুন এটা হামের টিকা না দেওয়ার কারণে না অন্য কোন কারণ হতে পারে,seeking medical advice or sharing symptoms,seeking_medical_advice_or_sharing_symptoms,64.33
13,@urmi1342,কবে কোথায় হামের টিকা দেওয়া হয়নি আমরা তো আমাদের বাচ্চাদের ডিসি আর আমরা যখন দিতে গেছি তখন তো হাজার হাজার মানুষকে দেখছি যে বাচ্চাদের নিয়ে আসছে হামের টিকা দেওয়ার জন্য মানুষ মন্তব্য করার আগে একবারও ভাবে না আপনার বাচ্চাকে আপনি দেননি আমি টিকা আমরা তো সাধারণ জনগণ বলতেছি,seeking medical advice or sharing symptoms,seeking_medical_advice_or_sharing_symptoms,34.01
14,@KawaarMiya-d9z1c,শেরপুর জেলা তো শ্রীবরদী থানার কিছু কিছু বাচ্চাদের এই অবস্থা আছে একটু খোঁজ নিয়ে দেখুন এমপি মহোদয়,seeking medical advice or sharing symptoms,seeking_medical_advice_or_sharing_symptoms,41.62
15,@ImranHossain-nh3qp,আসলে কি হামের টিকা দিয়েছে না জন্য কোনো টিকা দিয়েছে  হামের টিকা  বলে চালিয়ে দিয়েছে,"vaccine hesitancy, conspiracy, or doubting the vaccine",vaccine_hesitancy_conspiracy_or_doubting_the_vaccine,45.94
16,@jiniaafroz-c9k,"৮ বছর টীকা দেওয়া হয়নি এটা ভুল তথ্য,, আমার মেয়েকে দু&#39;বছর আগে দিয়েছি","vaccine hesitancy, conspiracy, or doubting the vaccine",vaccine_hesitancy_conspiracy_or_doubting_the_vaccine,56.96
17,@MdkamalislamRumana,বরগুনা  আমাদের  বাড়ি?  আমার বোনের ছেলের  মারা গেছে,"vaccine hesitancy, conspiracy, or doubting the vaccine",vaccine_hesitancy_conspiracy_or_doubting_the_vaccine,37.45
18,@S.JCHOWDHURY,আমারও এটা হয়েছে কিন্তু অতটাও সমস্যা হচ্ছে না <br>আমি টিকা দিইনি এটা আমার সমস্যা,seeking medical advice or sharing symptoms,seeking_medical_advice_or_sharing_symptoms,33.39
19,@JannatulMahia-v1t,"ভোটের 3আগে ও আমি আমার বাচ্চাকে টিকা দিছি,,,",seeking medical advice or sharing symptoms,seeking_medical_advice_or_sharing_symptoms,49.65
20,@mohsin8698,"<a href=""https://www.youtube.com/watch?v=XBsDAOvRhR4"">https://youtu.be/XBsDAOvRhR4?si=sWK-ddnV0QZ2UR-_</a> হাম প্রতিরোধে নিয়মিত রুটিন টিকার বাইরে ও মাঝে মাঝে হামের টিকা ক্যাম্পেইন এ ও শিশুর হাম রুবেলা টিকা দিন।",seeking medical advice or sharing symptoms,seeking_medical_advice_or_sharing_symptoms,42.18
21,@sultanaafrin4308,"একজন করে গেছে অকাজ, আরেকজন করবে দোষারোপ৷ <br>অসহায় মা বাবা। 😔","vaccine hesitancy, conspiracy, or doubting the vaccine",vaccine_hesitancy_conspiracy_or_doubting_the_vaccine,92.92
22,@MdMamun-bi8bz,সুদখোর ইউনুস কে এখনো বিচারের আওতায় আনা হচ্ছে না কেন জাতি জানতে চায়।,"vaccine hesitancy, conspiracy, or doubting the vaccine",vaccine_hesitancy_conspiracy_or_doubting_the_vaccine,59.74
23,@raselduary649,সুদখোর ইউনুস দেশটাকে জাহান্নামে পরিণত করেছে। যার কারণ আজ শিশুরা  টিকার অবহেলায় মারা যাচ্ছে।আইনের আওতায়  দূরত্ব তদন্ত করে বিচার করা হোক,reporting hospital admission or death,reporting_hospital_admission_or_death,45.73
24,@rubelrahmanbabu6875,সুদ সরকার দেশ টা জাহান্নাম বানিয়ে দিয়ে গেছে....!!!!!. আর এই সরকার সেটা চলমান রেখেছে....!!!!,reporting hospital admission or death,reporting_hospital_admission_or_death,37.67
25,@etaushy5865,"সুশীল সমাজ এখন রাস্তায় নামে না কেনো? হাসিনার জন্য নামছিলো, কারণ সার্থ। এখন শিশু মরে, কার কি? এখানে সার্থ নাই। তাই সবাই চুপ",reporting hospital admission or death,reporting_hospital_admission_or_death,28.54
26,@rengoku-ultimate,"যার টিকা নিয়েছে তাদেরও হচ্ছে, তারা কাকে দোষ দিবে?  ইউনুসকে?? করোনার মতোন নতুন রোগ কিনা দেখুন।",seeking medical advice or sharing symptoms,seeking_medical_advice_or_sharing_symptoms,47.9
27,@HasanSheikh-p2o,দেশের  আইন নাই,"vaccine hesitancy, conspiracy, or doubting the vaccine",vaccine_hesitancy_conspiracy_or_doubting_the_vaccine,46.93
28,@bluesky441,"১ মে ২০২৬ এ ডেইলি স্টারের রিপোর্টে বলা হয়েছে ইউনিসেফের দেশীয় প্রতিনিধি রানা ফ্লাওয়ার্স আগেই সতর্ক ও অনুরোধ করেছিলেন অন্তর্বর্তী সরকার যেন টিকা ক্রয় বন্ধ না করে কিন্তু উপদেষ্টা নূরজাহান বেগম সেটা কর্ণপাত করেনি। আজকে দেশে হাম, জলাতঙ্ক ইত্যাদি প্রানঘাতক রোগের টিকার অভাব যেগুলো ফ্রিতে পাওয়া যেত, আর নেই। ইউনূস গ্রামীন ব্যাংকের এমডি পদ ব্যবহার করে পনেরো বছর লুটতে পারেনাই তাই ক্ষমতা পেয়ে দেড় বছর এমনই লুটেছে যে টিকার টাকাও ছাড়েনি। আমি ছাত্র হিসেবে নিজে আন্দোলন করেও বলছি ইউনূসের নামে হত্যা মামলা ও বিচার হওয়া দরকার। বাংলাদেশ যাকে নিয়ে গর্ব করতো আজ তাকে নরপিশাচ হিসেবে ঘৃণা করে। কতটা বেহায়া। দেশ চালাবার কোনো যোগ্যতা নেই, একটার পর একটা দেশের ক্ষতি করেছে তাও পাঁচ বছর গদিতে থাকার খায়েশ! আমার সন্দেহ কতখানি ঠিক তা জানিনা তবে ইনকিলাব মঞ্চের হাদীকে ইউনুস খুন করে,অরাজকতা সৃষ্টি করে নির্বাচন পেছাবার চক্রান্ত করছিল কিনা কে জানে? ইউনূসের পেটে তো দুষ্টবুদ্ধি। সে তো আগাগোড়া একটা খারাপ লোক। যাই হোক রিপোর্টে এটাও আছে এপ্রিলে বিএনপি সরকার ফের ইউনিসেফের সাথে মিলে টিকা আনা শুরু করেছে।",blaming politicians or the government,blaming_politicians_or_the_government,28.56
29,@aslihanomar,তাদের ভুলের খেসারত কেনো মা বাবাকে ভুক্তে হবে,"vaccine hesitancy, conspiracy, or doubting the vaccine",vaccine_hesitancy_conspiracy_or_doubting_the_vaccine,59.83
30,@sumonchowdhury7906,NCP সব দোষ তাদের কে বিচারের আওতায় আনা হোক,blaming politicians or the government,blaming_politicians_or_the_government,47.76
31,@nirmolridoy4997,"আমি টিকাদান কারী,আমি তো হামের টিকা বন্ধ থাকতে দেখিনি,অন্যান্য টিকা বন্ধ থাকে মাঝে মাঝে।কিন্তু হামের টিকা তো সরবরাহ ছিল।","vaccine hesitancy, conspiracy, or doubting the vaccine",vaccine_hesitancy_conspiracy_or_doubting_the_vaccine,28.68
32,@MdfazlulBari-q9v,অন্তবতী সরকারের বিরুদ্ধে  মতামত প্রদান করতে বর্তমান সরকার অনিচ্ছুক 😢,blaming politicians or the government,blaming_politicians_or_the_government,50.08
33,@Md.OliUllah-p7x5z,এবার অনতরবরতিকালিন সরকারকে গ্রেপতার করা হউক।,blaming politicians or the government,blaming_politicians_or_the_government,76.47
34,@hasan28914,অতীত ভুলে যাও বাবুরা 😂😂😂😂😂,"vaccine hesitancy, conspiracy, or doubting the vaccine",vaccine_hesitancy_conspiracy_or_doubting_the_vaccine,34.02
35,@msmitu6326,সরকার নিরব বলে মনে হয়।,blaming politicians or the government,blaming_politicians_or_the_government,39.59
36,@MdSurug-x5y7u,আমার তো ৬ বছরের একটি ছেলে আছে খুব ভয় লাগছে,"vaccine hesitancy, conspiracy, or doubting the vaccine",vaccine_hesitancy_conspiracy_or_doubting_the_vaccine,37.12
37,@SuperDiodiodio,সুন্দর উপস্থাপনা। উপস্থিত বুদ্ধিসম্পন্ন বোঝা যাচ্ছে।,seeking medical advice or sharing symptoms,seeking_medical_advice_or_sharing_symptoms,35.77
38,@atmbadruzzaman3529,"আমি ড. বদরুজ্জামান,  ভ্যাক্সিন সায়েন্টিস্ট।  কাজ করছি তাইওয়ানের ন্যাশনাল হেলথ রিসার্চ ইনস্টিটিউটের ভ্যাক্সিনোলজি ডিপার্টমেন্টে।  আমি বেশ কিছু পয়েন্টে ডা. মান্নান সাহেবের কথায় বাড়তি পয়েন্ট যুক্ত করতে চাই। আনফরচুনেটলি উনার তথ্যগুলো খুব বেশি আপডেটেড/গভীর না।",blaming politicians or the government,blaming_politicians_or_the_government,25.82
39,@dmgod111,বাচ্চা স্কুলে পাঠাবো না কারন স্কুলের বাচ্চাদের বেশীরভাগ পরিবারে নবজাতক থেকে শুরু করে ১ /২ বছরের বাচ্চা রয়েছে।বাসায় বসে পড়াবো।,"vaccine hesitancy, conspiracy, or doubting the vaccine",vaccine_hesitancy_conspiracy_or_doubting_the_vaccine,34.53
40,@mukulgreen,আমরা স্কুলকে বন্ধ দিয়ে দিয়েছি!,"vaccine hesitancy, conspiracy, or doubting the vaccine",vaccine_hesitancy_conspiracy_or_doubting_the_vaccine,54.99
41,@IslamIsPerfect2026,আমার ভাগ্নির হাম রোগ হয়েছে সবাই দোয়া করবেন 🤲🤲,seeking medical advice or sharing symptoms,seeking_medical_advice_or_sharing_symptoms,39.88
42,@shamimahmed9191,দেশের বাহির থেকেও কি কোন ভ্যাক্সিন আনা সম্ভব হচ্ছে না?,seeking medical advice or sharing symptoms,seeking_medical_advice_or_sharing_symptoms,38.17
43,@MohmadMohmad-y2u,অতি.তারাতারি.হামের.টিকা.জরুরি.দরকার,seeking medical advice or sharing symptoms,seeking_medical_advice_or_sharing_symptoms,57.44
44,@themaskaraltd9235,হে আল্লাহ এই বিপদ থেকে আমাদের সকলকে হেফাজত কর আমিন,religious prayer or general grief,religious_prayer_or_general_grief,61.71
45,@Jui-s7c,আল্লাহ সাহায্যে করুন,"vaccine hesitancy, conspiracy, or doubting the vaccine",vaccine_hesitancy_conspiracy_or_doubting_the_vaccine,44.52
46,@Samim-x6v,সব দোষ হুজুর গুলোর ওরা টিকা নিতে বারণ করে,seeking medical advice or sharing symptoms,seeking_medical_advice_or_sharing_symptoms,33.68
47,@MDSAHADAT-m6f,আল্লাহ তুমি আমার সন্তান সহ সকল বাচ্চাদের সুস্থ রেখো আমিন,seeking medical advice or sharing symptoms,seeking_medical_advice_or_sharing_symptoms,47.74
48,@MdMostofa-oh4yn,আমার এক ভাতিজা শেষ,"vaccine hesitancy, conspiracy, or doubting the vaccine",vaccine_hesitancy_conspiracy_or_doubting_the_vaccine,46.81
49,@MdkamalislamRumana,০ থেকে  ৫ মাসের  তাতের জন্য  টিকার কি কোন অবস্থা আছে,seeking medical advice or sharing symptoms,seeking_medical_advice_or_sharing_symptoms,51.84
50,@badboyrishad3651,"কত বাবা মা এর কোল খালি হয়ে যাচ্ছে এই হাম এ, মোবাইল এ শুধু দেখেই যাচ্ছি, তাদের জন্য কিছুই করতে পারছি না, জানি না সরকার এর উদ্যোগ নিতে নিতে আর কত শিশু মৃত্যুর মুখে হেলিয়ে পড়বে। আল্লাহ আপনি হেফাজত করুন 😢😢",reporting hospital admission or death,reporting_hospital_admission_or_death,72.68
51,@jabedkhan2457,আমার বাচ্চার হাম আলহামদুলিল্লাহ আগের থেকে ভালো আছে কিন্তু আজকে হঠাৎ চোখ মুখ ফুলে গেছে করনীয় কী?,seeking medical advice or sharing symptoms,seeking_medical_advice_or_sharing_symptoms,30.79
52,@MdAraf-b9v,হে আল্লাহ তুমি আমার ভাগ্নে সহ সব বাচ্চাকে তুমি সুস্থ রেখো,seeking medical advice or sharing symptoms,seeking_medical_advice_or_sharing_symptoms,53.63
53,@EasminAkter-p8x9h,আমার বাচ্চার বয়স ৬ বছর ওর কি হাম হওয়ার সম্বববোনা আছে ওর ঠান্ডা লাগসে আবার শরীরের লাল লাল দাগ দেখা যাচ্ছে,"vaccine hesitancy, conspiracy, or doubting the vaccine",vaccine_hesitancy_conspiracy_or_doubting_the_vaccine,34.93
54,@FamilyLover-d9e,আমার বাইরে থাকি এবং প্রথম রমজানে দেশে এসেছি... আসার পর থেকে আমার জমজ বাচ্চার প্রথমে জ্বর তারপরে ঠান্ডা তারপরে চোখে ময়লা এবং চোখ লাল তারপরে শরীরে লাল লাল ফুসকুড়ি এবং একজনের বমি😢😢 সব কিছু হাম এর লক্ষণ মনে হচ্ছে.. এখন করণীয় কি ?,"vaccine hesitancy, conspiracy, or doubting the vaccine",vaccine_hesitancy_conspiracy_or_doubting_the_vaccine,34.49
55,@MDRuhulamin-em3xt,স্যার আমার বাচ্চার বয়স 9 মাস কিছুদিন আগে ভাইরাল ডায়রিয়া আক্রান্ত হয়েছিল। দুই দিন আগে হামের ভ্যাকসিন দেয় তার দুই দিন পর থেকে বাচ্চার শরীরে অনেক জ্বর মুখে ঘা এবং কোন খাবার খাচ্ছে না আমি এখন কি করবো বলেন স্যার প্লিজ,seeking medical advice or sharing symptoms,seeking_medical_advice_or_sharing_symptoms,71.43
56,@Kalam-v4o,সার আমার বাবু আট মাস চলে ঠান্ডা জর শরীরে লাল লাল বের হয়ছে কি করমু কই নিয়ে জামু,seeking medical advice or sharing symptoms,seeking_medical_advice_or_sharing_symptoms,70.67
57,@MdOliollha-y6o,"স্যার, আমার বেবির 2মাস 8দিন এখন তার নিমোনিয়া দেখা দেয় ,তারপর বিশেষজ্ঞ ডাক্তার দেখিয়ে ইঞ্জেকশন দেই,এখন শরিরে লাল ফুসকুড়ি দেখা দেয় ফার্মেসী থেকে অসুধ এনে দিয়েছি কম বুজতেছি শরিরে জর থাকে, এখন একটা মলম এর নাম বলে দিলে ভালো হয় আর এইটা কি হাম?প্লিজ জানাবেন বিস্তারিত",seeking medical advice or sharing symptoms,seeking_medical_advice_or_sharing_symptoms,91.11
58,@tuhinafridibd,টিকা দেওয়া পর কি হওয়ার সম্ভবনা আছে?,seeking medical advice or sharing symptoms,seeking_medical_advice_or_sharing_symptoms,40.77
59,@ANGURABEGUM-d7n,"আমার বাবুর বয়স ১৪ মাস,, আজকে ২ দিন ধরে খুব জ্বর। কিন্তু ঠান্ডা, কাশি, র্্যশ বা  চোখ লাল এসব কিছু নাই কিন্তু আজকে হঠাৎ চোখ অনেক চুলাকাইছে,, এইটা কি ভয়ের কিছু প্লিজ বলবেন।",seeking medical advice or sharing symptoms,seeking_medical_advice_or_sharing_symptoms,91.34
60,@ashikurrhuman3064,স্যার  আমার বাচ্চার হামের টিকা নেওয়া আছে এখন যদি কোন হামে আক্রান্ত বাচ্চার  সংস্পর্শে আসে তাহলে আমার বাচ্চার রিক্স আছে কিনা,seeking medical advice or sharing symptoms,seeking_medical_advice_or_sharing_symptoms,58.45
61,@MonerKothaTube,বাচ্চা ২বছর বয়স. হঠাৎ সারা গায়ে চুলকানি হয়ে লাল লাল হয়ে গেছে।হামের অন্য কোন লক্ষণ নেই আলহামদুলিল্লাহ। হাম কি হঠাৎ করে হয়। নাকি এটা এলার্জি। লাল লাল গুটি গুটি হয়েছে পায়ের দিকে পিঠের দিকে।,religious prayer or general grief,religious_prayer_or_general_grief,44.46
62,@mstmahmuda2791,স্যার আমার বাচ্চার জ্বর হয়েছে সর্দি আছে নাক দিয়ে পানি পড়ছে কাশি আছে কিন্তু রেস নেই পাতলা পায়খানা ছিল এখন ভালো হয়ে গেছে সাথে বমি আছে এটা কি হামের লক্ষণ,"vaccine hesitancy, conspiracy, or doubting the vaccine",vaccine_hesitancy_conspiracy_or_doubting_the_vaccine,38.72
63,@MDAnam-s3x,আসসালামু আলাইকুম স্যার আমি একজন প্রবাশি <br>আমার মেয়ের বয়স আজকে ৩৫ দিন <br>আমার মেয়ের ও এই লক্ষ্যন গুলো আছে তার শরীরে <br>এখন এই ক্ষেত্রে আমার করনীয় কী? <br><br>অনুরোধ স্যার একটু জরুরি জানানোর চেষ্টা কইরেন৷,seeking medical advice or sharing symptoms,seeking_medical_advice_or_sharing_symptoms,89.93
64,@Mahamuda-k1k6q,আমার ছেলের হাত পা ঘামাচির মতো লাল হয়ে গেছে চোখে ময়লা হয়।কিনতু জ্বর বা ঠান্ডা নেই এ কি হামে পিলিজ জানাবেন,seeking medical advice or sharing symptoms,seeking_medical_advice_or_sharing_symptoms,82.2
65,@AbuSofian-n2w,"স্যার দুই ঘণ্টা না যেতে জ্বর চলে আসে চার ঘন্টা পর পর দিতে পারবো নাপা সিরাপ,বাবুর বয়স ছয় মাস",seeking medical advice or sharing symptoms,seeking_medical_advice_or_sharing_symptoms,44.28
66,@সাজিদ-দ৫প,"আমার বাচ্চার টিকা মাএ তিন টা দিচি আর দিতে পারিনি 😢,,টিকা দিতে গেলে বলতো টিকা আসে নাই, তারপর আমি ঢাকায় চলে আসছি আর টিকা দেওয়া হয় নাই 😢","vaccine hesitancy, conspiracy, or doubting the vaccine",vaccine_hesitancy_conspiracy_or_doubting_the_vaccine,44.87
67,@SABIKUNNAHARKEYA,স্যার আমার ছেলের চোখ থেকে পানি ও পুজ বের হইতাছে ওষুধ খাওয়াইতাছি কমতেছে না এটা কি হামের লক্ষন??,seeking medical advice or sharing symptoms,seeking_medical_advice_or_sharing_symptoms,71.5
68,@FarzanaAkther-o4m,"স্যার,জন্মের পর সব টিকা নেওয়া থাকলেও কি হাম এর ভ্যাকসিন নিতে হবে",seeking medical advice or sharing symptoms,seeking_medical_advice_or_sharing_symptoms,43.5
69,@mdnahiduzzaman7733,আমার বাচ্চার বয়স ৬ মাস ওর কি টিকা দেওয়া যাবে,seeking medical advice or sharing symptoms,seeking_medical_advice_or_sharing_symptoms,49.71
70,@mabiaafrin-i5i,"স্যার আমার ছেলের আজ তিন দিন ঠান্ডা লেগেছে,, আজ সকালে লক্ষ্য করছি চোয়ালে সাদা রেশ উঠছে কিন্তু জ্বর কাশি কিছু নেই এটা কি হামের লক্ষন","vaccine hesitancy, conspiracy, or doubting the vaccine",vaccine_hesitancy_conspiracy_or_doubting_the_vaccine,31.39
71,@IkramKhan-g6u6n,আমার বাচ্চাকে হামের টিকা দেয়নি সমস্যা হবে নি?,seeking medical advice or sharing symptoms,seeking_medical_advice_or_sharing_symptoms,65.51
72,@Mitilakhan-d5u,"সার আমার ছেলের বয়স ৩বছর,জর ছিল তিন দিন আগে,এখন জর নাই,,কাল থেকে শরিরে কিছু জায়গায় রেশ বের হইচে,,সামান্য চুলকানি আছে,,আর কোনো সমস্যা নেই,, এটা কি হাম,,বলেন প্লিজ,,না এলার্জি",seeking medical advice or sharing symptoms,seeking_medical_advice_or_sharing_symptoms,86.19
73,@lilihosain6576,চিকিৎসা বলেন,seeking medical advice or sharing symptoms,seeking_medical_advice_or_sharing_symptoms,49.99
74,@MdThamid-b3f9n,জর চাড়া  হাম হয়ে ঘামাচির মতো,"vaccine hesitancy, conspiracy, or doubting the vaccine",vaccine_hesitancy_conspiracy_or_doubting_the_vaccine,41.77
75,@RatnaBegum-q3k,হাম,"vaccine hesitancy, conspiracy, or doubting the vaccine",vaccine_hesitancy_conspiracy_or_doubting_the_vaccine,44.09
76,@SultanShaon-r7q,কত বছর বয়সে হামের ঝুঁকি থাকে বেশি,seeking medical advice or sharing symptoms,seeking_medical_advice_or_sharing_symptoms,28.91
77,@vhjkvcgykh,তুমরা সুনার ডক্টর,"vaccine hesitancy, conspiracy, or doubting the vaccine",vaccine_hesitancy_conspiracy_or_doubting_the_vaccine,47.41
78,@SharifHossain-m9y,আল্লাহ সবাইকেই হেফাজতে রাখুন🤲🤲🤲,religious prayer or general grief,religious_prayer_or_general_grief,33.51
79,@AbdulGafur-dx9fm,হামের টিকার অভাবে মারা যাওয়া প্রতিটি শিশুর হত্যার দায় ইউনুছ ও তার সহযোগী উপদেষ্টা পরিষদ বিএনপি জামাত এনসিপি সবাইকে এই দায় নিতে হবে কারন তারা এই ১৮ মাস মিলেমিশে সরকার চালিয়েছিল।,blaming politicians or the government,blaming_politicians_or_the_government,77.84
80,@shahadatsatter7363,দায় ভার ইউনুস গং থেকে বর্তমানে যারা আছে তাদের নিতে হবে। কারণ তখনও তারা ওতোপ্রোতো ভাবে জড়িত ছিলো। এখন ক্রিমিনাল ডা: জোবায়দা রহমান ও অদ্ভুত বিরক্তিকর প্রাণী জাইমা কিছু বলে না। যদিও এদের স্বাস্থ্যমন্ত্রী হাম হলে নাকি আয়ু বাড়ে। আর অন্যান্য মন্ত্রীরা বিভিন্ন বিষয়ে উদ্ভট কথা বলে যাচ্ছেন। আর খাম্বা তো আছেই।,blaming politicians or the government,blaming_politicians_or_the_government,72.44
81,@sadarontv5046,"শিশু মারা যাচ্ছে না, দেশের ভবিষ্যৎ মারা যাচ্ছে। এটা পরিকল্পনা করে করা হয়েছে 😡😡😡😡",reporting hospital admission or death,reporting_hospital_admission_or_death,62.3
82,@hamim4466,সঠিক বিচার চাই,"vaccine hesitancy, conspiracy, or doubting the vaccine",vaccine_hesitancy_conspiracy_or_doubting_the_vaccine,33.43
83,@sultanaafrin4308,"আমাদের ভাগ্নীর মেয়েটাও চলে গেল৷ <br>সদর হসপিটালগুলো দেখলে মনে হয়, আরো মৃত্যু ফাদ 😭",reporting hospital admission or death,reporting_hospital_admission_or_death,83.27
84,@adhibaislamlima-5944,"একদিকে শিশু রা মারা যাচ্ছে আরেক দিকে নেতায়,বউ নিয়ে ভাইরাল হওয়া নিয়ে ব্যস্ত।হায় আল্লাহ এই দেশে জন্ম নেওয়াটাই হয়ত ভুল আমাদের কারন প্রতি দিন এখন কোন না কোন খবর আসছে।<br>এই এগুলোর দায় কে নিবে???",blaming politicians or the government,blaming_politicians_or_the_government,57.38
85,@provashroy9751,দেখ কেমন লাগে।,"vaccine hesitancy, conspiracy, or doubting the vaccine",vaccine_hesitancy_conspiracy_or_doubting_the_vaccine,32.03
86,@ranavai6220,"ছোট বাচ্ছার স্কুল বন্দ রাখা দরকার,,,,,একজন শিশু স্কুলে নিলে কুলে ছোট বাচ্ছা আর একজন কোলে থাকে,,,,","vaccine hesitancy, conspiracy, or doubting the vaccine",vaccine_hesitancy_conspiracy_or_doubting_the_vaccine,38.62
87,@MdFerdaus-o2h,পরীক্ষা বাদ করে দেওয়া হক,"vaccine hesitancy, conspiracy, or doubting the vaccine",vaccine_hesitancy_conspiracy_or_doubting_the_vaccine,40.61
88,@dalimmohammed7568,এ দ্বায় কার???😢,"vaccine hesitancy, conspiracy, or doubting the vaccine",vaccine_hesitancy_conspiracy_or_doubting_the_vaccine,61.18
89,@Mdmithu-w6w,হোমিওপ্যাথি চিকিৎসা নিলে ভালো হয়,seeking medical advice or sharing symptoms,seeking_medical_advice_or_sharing_symptoms,62.93
90,@SaifulIslam-zd6fg,"হামের টিকা দেয়া নিয়ে যারা সাধারণ মহিলাদের নিরুৎসাহিত করেছে তদন্ত করে অবিলম্বে দোষীদের দৃষ্টান্তমূলক শাস্তির আওতায় আনা হোক। না হলে জনগনের মাঝে ছেড়ে দেয়া হোক। <a href=""https://www.youtube.com/watch?v=DyTERsFRXXw&amp;t=1"">https://www.youtube.com/watch?v=DyTERsFRXXw&amp;t=1s</a>",seeking medical advice or sharing symptoms,seeking_medical_advice_or_sharing_symptoms,36.46
91,@FahimArfinShohag,আল্লাহ এই নিষ্পাপ শিশুদের সুস্থতা দিক 🤲 🥺,seeking medical advice or sharing symptoms,seeking_medical_advice_or_sharing_symptoms,51.09
92,@moushumicookingandvlog9671,হামের টিকা দেওয়ার পরও কি হাম হচ্ছে। আল্লাহ আমাদের এই রোগ থেকে হেফাজত করুক আমিন।,seeking medical advice or sharing symptoms,seeking_medical_advice_or_sharing_symptoms,74.82
93,@hridoythesuperstar1038,যাদের কারণে এই অবস্থা তাদেরকে বিচারের আওতায় আনতে হবে,"vaccine hesitancy, conspiracy, or doubting the vaccine",vaccine_hesitancy_conspiracy_or_doubting_the_vaccine,22.66
94,@mohammadshahedulislam2666,আহা ২৪ এর লাল স্বাধীনতার সুফল আমরা উপভোগ করতেছি।,seeking medical advice or sharing symptoms,seeking_medical_advice_or_sharing_symptoms,41.54
95,@Ujjilmia-p9p,সরকারের তাড়াতাড়ি উদ্যোগ নিতে হবে।,blaming politicians or the government,blaming_politicians_or_the_government,43.76
96,@mohammadmamunurrashid851,"এই অবস্থার জন্য সুদখোর মহাজন ইউনুস  দায়ী, শিশুদের ঠিকমতো টিকা দিলে আজকে এই পরিস্থিতি দেখতে হতো না, সুদখোর মহাজন এসেছে উনার আখের গোছানোর জন্য",seeking medical advice or sharing symptoms,seeking_medical_advice_or_sharing_symptoms,62.34
97,@WajihaRaisa-genZ,"4 - 5 বছরের বাচ্চাদের কি করব, ওরা তো স্কুলে যায়,, বাচ্চাদের সাথে খেলা করে","vaccine hesitancy, conspiracy, or doubting the vaccine",vaccine_hesitancy_conspiracy_or_doubting_the_vaccine,41.99
98,@ShibDeb-xz5gq,ইসলামে সংগ্রামক রোগ বলে কিছু হতেই পারে না।,seeking medical advice or sharing symptoms,seeking_medical_advice_or_sharing_symptoms,35.63
99,@FreeThinker_EBengal,আর কত?,"vaccine hesitancy, conspiracy, or doubting the vaccine",vaccine_hesitancy_conspiracy_or_doubting_the_vaccine,48.91
100,@masumrezatoofan,"সরকারের ইপিআই ডাটাবেজ অনুযায়ী দেখা যায়, শেখ হাসিনার আমলে টিকা দেওয়ার হার প্রায় ৯০ শতাংশের কাছাকাছি ছিল। অন্যদিকে, ইউনূস-এনসিপি-জামায়াত এর জোট সরকারের সময় ২০২৫ সালে ‘ইউনূস ম্যাজিক’-এ এই হার কমে ৫৯ দশমিক ৬ শতাংশে নেমে আসে। এর মধ্যে হাম প্রতিরোধী এমআর টিকাও অন্তর্ভুক্ত ছিল। এরই খেসারত হিসেবে আজ হামে আক্রান্ত হয়ে শিশুরা মারা যাচ্ছে। এই হলো তথাকথিত নতুন বন্দোবস্তের ফলাফল, যেখানে শিশুরা আজ মৃত্যুর কোলে ঢলে পড়ছে। পরিষ্কার বোঝা যাচ্ছে, এই নতুন বন্দোবস্ত কোনো গণমুখী উদ্যোগ ছিল না; এটি ছিল সুবিধাভোগীদের নিজেদের পুনর্বাসন এবং ক্ষমতার পুনর্বণ্টনের সুপরিকল্পিত প্রক্রিয়া।<br>নতুন বন্দোবস্তে রাস্তার কিছু টোকাই এমপি, মন্ত্রী হয়েছে এবং অনেক টাকার মালিক হয়েছে। অন্যদিকে, টিকার অভাবে নিস্পাপ শিশুরা হাম রোগে আক্রান্ত হয়ে মারা যাচ্ছে।",blaming politicians or the government,blaming_politicians_or_the_government,55.47
101,@RobiulHawlade,দুদক কে অনুরোধ করছি আপনারা চট্টগ্রাম মেডিকেল কলেজ হাসপাতালে আসেন এখানে বড় দুনীতি চলে,"vaccine hesitancy, conspiracy, or doubting the vaccine",vaccine_hesitancy_conspiracy_or_doubting_the_vaccine,33.29
102,@oxigenagrobusiness8572,হামের টিকার কার্যকরী কতটুকু বা মানসম্মত নয় মনে হয়। সব জায়গায় দুর্নীতি বাজ দের থাবা,"vaccine hesitancy, conspiracy, or doubting the vaccine",vaccine_hesitancy_conspiracy_or_doubting_the_vaccine,50.57
103,@mdsohel-uq7zh,"প্রতিবাদ: সাধারণ মানুষের ভোগান্তি ও শিশুদের হামের ঝুঁকি!<br> দেশের বিভিন্ন অঞ্চলের টিকাদান কেন্দ্রের চরম অব্যবস্থাপনার তীব্র প্রতিবাদ জানাচ্ছি। বর্তমানে দেশে হামে শিশু মৃত্যুর হার বাড়ছে, অথচ মাঠ পর্যায়ের স্বাস্থ্যকর্মীদের গাফিলতি চরমে!<br>🛑 আমাদের অভিযোগসমূহ:<br>📍 সময়ের চরম অবহেলা: কর্মীরা সকাল থেকে গল্পগুজব করে বেলা ১১টা/১২টার আগে টিকা দেওয়া শুরু করেন না। মায়েরা কোলে বাচ্চা নিয়ে ঘণ্টার পর ঘণ্টা লাইনে দাঁড়িয়ে থাকেন।<br>📍 অমানবিক আচরণ: টিকা নিতে আসা মায়েদের সাথে অত্যন্ত রুক্ষ ও খারাপ ভাষায় কথা বলা হয়। কোনো প্রশ্ন করলে কেন্দ্র থেকে বের করে দেওয়ার হুমকি দেওয়া হয়।<br>📍 কাগজপত্র নিয়ে জালিয়াতি: সরকারি কার্ড দিতে চায় না, উল্টো ছেঁড়া কাগজের টুকরোয় টিকার নাম লিখে দেওয়া হয়। এটি চরম দায়িত্বহীনতা!<br>📍 এলাকা নিয়ে হয়রানি: এক এলাকার মানুষকে অন্য এলাকায় পাঠিয়ে দিয়ে বারবার হয়রানি করা হয়।<br>📍 মিথ্যা অজুহাত: বাচ্চা সামান্য অসুস্থ থাকলে বা নিজেদের ইচ্ছেমতো &#39;ধর্মঘট&#39; ডেকে টিকা দেওয়া বন্ধ রাখা হয়। ফোনেও তাদের পাওয়া যায় না।<br>⚠️ কেন এই বৈষম্য?<br>ধনী বা সচেতন এলাকার মানুষ সব সুবিধা পেলেও, উত্তরবঙ্গ বা ঢাকার বাইরের সাধারণ খেটে খাওয়া মানুষ আজ নিজ দেশে &#39;ভাড়াটিয়ার&#39; মতো অবহেলিত। এই অব্যবস্থাপনার কারণেই আজ শিশুদের হামের মতো মরণব্যাধি ছড়াচ্ছে এবং শিশু মৃত্যু বাড়ছে!<br>🚩 কর্তৃপক্ষের কাছে দাবি:<br>১. টিকাদান কেন্দ্রে কর্মীদের কাজের সময় ও সিসিটিভি মনিটরিং নিশ্চিত করুন।<br>২. সাধারণ মানুষের সাথে অমানবিক আচরণকারীদের বিরুদ্ধে কঠোর ব্যবস্থা নিন।<br>৩. প্রতিটি শিশুকে সরকারি কার্ড প্রদান বাধ্যতামূলক করুন।",religious prayer or general grief,religious_prayer_or_general_grief,45.2
104,@abdulKarim-nf8gy,সব জায়গায় ভেজাল,"vaccine hesitancy, conspiracy, or doubting the vaccine",vaccine_hesitancy_conspiracy_or_doubting_the_vaccine,48.34
105,@MasturaIslam-e7d4t,রাজশাহী মেডিকেল ভোগান্তির আরেক নাম,"vaccine hesitancy, conspiracy, or doubting the vaccine",vaccine_hesitancy_conspiracy_or_doubting_the_vaccine,37.49
106,@rowshonalom001,বর্তমান সরকার শয়তান লীগ সরকারের চেয়েও অনেক বেশি ব্যার্থ।  হাম সহ দশ রোগের টিকা নাই।,blaming politicians or the government,blaming_politicians_or_the_government,57.78
107,@AzinurIslam-p5b,"দূতো সকল শিশুকে টিকার আওতায় আনতে হবে ইনশাআল্লাহ মিস ইশিতা বেগম ধন্যবাদ,,,,",seeking medical advice or sharing symptoms,seeking_medical_advice_or_sharing_symptoms,48.38
108,@sushantadas2364,দারুণ ❤❤,"vaccine hesitancy, conspiracy, or doubting the vaccine",vaccine_hesitancy_conspiracy_or_doubting_the_vaccine,39.54
109,@bluesky441,"শেখ হাসিনার আমলে মুহাম্মদ  ইউনূসকে যখন গ্রামীণ ব্যাংকের এমডি থেকে অপসারণ ও কর ফাকির মামলা দেওয়া হয় তখন ফেসবুক প্রোপাগাণ্ডার শিকার হয়ে ভাবতাম নোবেলজয়ী আন্তর্জাতিক মাপের একজন ব্যক্তিকে ঈর্ষা করে হাসিনা এমন হয়রানি করছে। ইউনূস আদালতে গেলে সেই খবরের ভিডিওতে আমি তার পক্ষে মন্তব্য করেছিলাম৷ এখন সবই সাফ। গরীবের এতগুলো টাকা লুটে খাওয়ায় ক্ষিপ্ত, ক্ষুব্দ হয়েই শেখ হাসিনা তাকে অপসারণ করেছিলেন৷ ব্যাটার খাইখাই কেমন দেড় বছরে সেটা যেমন প্রমাণিত তেমনি সাধারণ মানুষের চোখে আজ সম্মানিত জায়গা থেকে সে একটা নরপিশাচ। গরীবের আরও টাকা লুট করতে না পেরেই দাম্ভিক ইউনূস হিলারি ক্লিন্টনকে দিয়ে পদ্মাসেতুর জন্য বিশ্বব্যাংকের ফান্ডিং বন্ধ করায়। যার ভেতর বিন্দুমাত্র দেশপ্রেম থাকে সে দেশের ক্ষতি করবেনা। দেশপ্রেমহীন নরপশু ইউনূস ও তার সাঙ্গপাঙ্গদের গদিতে বসানোর ফল এই জাতিকে দীর্ঘদিন দিতে হবে। হাসপাতালের বেডে মায়ের কোলে এতগুলো শিশুর লাশ তার একটা উদাহরণ মাত্র! বিএনপি ও জামাতের কাছে অনুরোধ, আমাদের সমস্যা দ্রব্যমূল্য, আইনশৃঙ্খলা, জ্বালানি সংকট, বিদ্যুৎ, টিকা, চিকিৎসা, বেকারত্ব হ্রাস, অর্থনীতির চাকা ফের সচল করা, বনাঞ্চল সৃষ্টি ও রক্ষণাবেক্ষণ ইত্যাদিতে একে অপরকে সহায়তা করুন৷ ফ্যাসিস্ট মুক্ত নতুন বাংলাদেশের যে স্বপ্ন দেখিয়ে এতগুলো প্রাণ গেল, এতগুলো লোক পঙ্গু হলো সেই স্বপ্নই যদি পূর্ণ না হয় সাধারণ মানুষ কি জুলাই সনদ ধুয়ে জল খাবে? জনতার মন আওয়ামী লীগের প্রতি ফের ঘুরে যাবে। সেটা যে আপনাদের জন্য অমঙ্গলকর এটুকু বোধ আশা করি আপনাদের আছে।",seeking medical advice or sharing symptoms,seeking_medical_advice_or_sharing_symptoms,47.36
110,@jahirulislam20010,জামাতিরা ফেসবুকে প্রোপাগাণ্ডা চালিয়েছে দেশে ইসলাম নেই। হেফাজতের সমাবেশে নাকি পাচ লাখ আলেম শহীদ হয়েছে এসব আজগুবি গল্প। অনেকে বিশ্বাস করেছে যেমন আমি৷ আজ একটা কথা অবশ্যই বলব৷ শেখ হাসিনা যাওয়ার পরে বাংলাদেশের উপর থেকে আল্লাহর রহমত উঠে গেছে৷,"vaccine hesitancy, conspiracy, or doubting the vaccine",vaccine_hesitancy_conspiracy_or_doubting_the_vaccine,39.28
111,@bangladeshfeni,হামের জন্য হোমিওপ্যাথিক চিকিৎসা সেরা,seeking medical advice or sharing symptoms,seeking_medical_advice_or_sharing_symptoms,38.38
112,@RAHMAN-df3zb,"যেদিন আমার দেশে রাষ্ট্রপতি প্রধানমন্ত্রী ও বিরোধী দলের নেতারা,,ভিআইপি নামে এমপি মন্ত্রী মূর্খ্য নেতারা মুখস্থ বিদ্যা বড় চেয়ার আদায় করা কর্মককতা কমচারীরা সহ সবাই যদি বিদেশে বা দেশে গলা কাটা ভিআইপি হাসপাতালে না গিয়ে,,দেশের সরকারি হাসপাতাল গুলোতে চিকিৎসা করাতো ও দেশ প্রেমিক সততা ভালো মনমানসিকতা হতো ও সকল সিস্টেম সংস্কার ও কঠোর আইন ছোট বড় অপরাধের জবাবদিহিতা বিচার তদন্ত থাকতো এবং জনগণের কষ্ট টাকায়ে চিকিৎসা ব্যবস্থার জন্য ভবিষ্যৎ প্রজন্ম কথা ভেবে সঠিকভাবে বিশ্লেষণ করে কাজ করতো তাহলে সরকারি হাসপাতালে চিকিৎসা করাতো তাহলে দেশের সরকারি হাসপাতাল গুলো আধুনিক হাসপাতাল হয়ে যেতো কেউ চিকিৎসা জন্য বিদেশে যেতো না,,<br>কিন্তু আফসোস আমরা শিক্ষিত রুপে অশিক্ষিত শুদ্ধ ভাবে কথা বলা মিথ্যা আশ্বাস অনিয়ম-দুর্নীতি চুরি লুটপাট পরিবারতন্ত্র আমলাতন্ত্র দখল চাঁদাবাজি তেলবাজ করা জাতি।<br>ভাই আমার পানি লাগবে না পানি আমার পরিবারতন্ত্র দলীয়করণ মুক্ত গনতন্ত্র স্বাধীন দেশ লাগবে,<br>যে পর্যন্ত সকল সরকারি স্বায়িত্বশাসিত হাসপাতালে প্রশাসন রাজুক দুদক,এনবি আর, খেলাধুলাসহ সকল অফিসে যেকোন দলের দলীয়করণ মুক্ত না হবে বাংলাদেশ স্বাধীন হবে না।,আমরা কেউ দেশ প্রেমিক না কেননা দেশ প্রেমিক শিক্ষা নেই,কঠোর আইন জবাবদিহিতা সংবিধান প্রশাসন সিস্টেম সকল কিছু সংস্কার গঠনমুলক শাসন ব্যবস্থা আধুনিক রাষ্ট্র হয় নাই বলে দেশটা তছনছ ধ্বংস করে দিয়েছে বিষ্টিটরা,,<br>কেউ যেন চিকিৎসা করাতে বিদেশে না যায়,,<br>দেশের সকল হাসপাতালে অফিস সিন্ডিকেট  সরকারি হাসপাতালে ঔষধ খাদ্য কাপড় গুলো চুরি অনিয়ম-দুর্নীতি অপচয় লুটপাট করে তা বন্ধ করতে হবে,,<br>১০০/১৫০ বছরের পরিকল্পনা করে সকল সরকারি স্বায়িত্বশাসিত হাসপাতালে ভবন ছাত্রদের হল অপারেশন রুম রোগী কেবিন সিট যেন টেকসই আধুনিক হয়,,<br>মেডিকেল কলেজ বিশ্ববিদ্যালয় ছাএ ছাএীদের ভালো মনমানসিকতা দেশ প্রেমিক শিক্ষা দিতে হবে,, শিক্ষা ও সকল হাসপাতাল চিকিৎসা নামে যেন ব্যবসা  রাজনীতি মাদক রেগিং সিন্ডিকেট  অনিয়ম-দুর্নীতি দেশের সম্পদ লুটপাট না হয়,,ভালো দেশ প্রেমিক শিক্ষা শিক্ষক নেই বলে দেশটা এগিয়ে যেতে হচ্ছে,,<br>এইদেশে শিক্ষা গবেষণা হয় কে কত নাম্বার পেয়েছে পাস করেছে কিন্তু উন্নত আধুনিক সেবার জন্য গবেষণা চর্চা করে না,,<br>দেশের বেশির ভাগ ডাক্তার নার্স কর্মকতা কমচারীরা ডাক্তাররা পারে কিভাবে মুখস্থ বিদ্যা করতে পেরেশান ও বড় পদ চেয়ার আদায় করা আর গবেষণা করবে কিভাবে জনগণের কষ্টের টাকা সিন্ডিকেট করে চুরি অপচয় লুটপাট করে দেশ বিদেশে সম্পদের পাহাড় গড়ে তুলা ছেলেমেয়ে বিলাসিতা করা,,সেই মনমানসিকতা চিন্তা পরিকল্পনা করে থাকে,<br>বাংলাদেশের বেশির ভাগ মানুষ কেন বিদেশ বা ভারতে চিকিৎসা করতে যায় খরচ কেন কম লাগে?দেশে কি ভালো চিকিৎসা বা ডাক্তার নেই এত খরচ কেন এত ঔষধ লিখে দেয় কেন? সরকারি হাসপাতাল ডাক্তার কেন ২/৩ মিনিট রোগী দেখে আর ইচ্ছে মত ঔষধ লিখে দেয় কেন? দেশের ডাক্তার রা কেন রোগীদের সাথে খারাপ ব্যবহার অবহেলা করে ও ছয়নয় সেবা দেয় কেন?<br>দেশের ঔষধের দাম কেন এত বাড়ে আর সরকারি হাসপাতাল ঔষধ কাপড় খাদ্য কিভাবে লুটপাট অপচয় হয়ে যায় কেন?দেশের মানুষ কেন অন্য দেশের চিকিৎসা ভালো সুনাম করে বাংলাদেশের চিকিৎসা খারাপ বলে কেন? অন্য দেশের ডাক্তাররা যদি পারে তাহলে কেন আমার দেশের ডাক্তার রা ভালো মানের চিকিৎসা করতে পারে না কেন?<br>দেশের ডাক্তার যদি ভালো উন্নত সেবা দিতে পারতো তাহলে দেশের মানুষ অন্য দেশে বিদেশে গিয়ে চিকিৎসা করাতো না দেশের টাকা দেশেই থাকতো,,<br>স্যার বাংলাদেশ দেশ প্রেমিক সততা ভাবে কাজ করা অভিজ্ঞতা বুদ্ধিমান গবেষণা করে দেশের মানুষের উন্নত চিকিৎসার সেবা দেওয়ার মানুষ নেই,সবাই নিজের স্বার্থ সেবা স্বজনপ্রীতি নিয়ে পেরেশানি থাকে দেশ দেশের মানুষের কি হলো তা দেখার সময় নেই,ছয়নয় লোকদেখানো সেবা দেয়,,<br>বেশির ভাগ সরকারি কর্মকতা কমচারী প্রশাসন ডাক্তাররা কত মিলিয়ন মিলিয়ন টাকা মালিক কেউ দেখার নেই যারা দেখবে তারা সবাই সিন্ডিকেট অনিয়ম-দুর্নীতি সাথে জড়িত তাদের পেট চেহারা কত সুন্দর হয় জনগণের কষ্ট টাকা দিয়ে এসি রুমে বসে,<br>সেবা করে না বাজেট সময় বাড়ানো আর জনগণের সেবার বদলে হয়রানি ভোগান্তি করায়,তাদের ধরা ও প্রমাণ পাওয়া যায় না সবাই সিন্ডিকেট চলে,,<br>সকল সরকারি অফিস কর্মকতা ডাক্তাররা বিদেশে যায় শিখতে কিন্তু তারা দেশে এসে সেটা কাজে লাগায় না তারা জনগণের কষ্ট টাকা ঘুরাঘুরি শপিং ছবি তুলে দেশ এসে ভালো মত উন্নত সেবা উন্নয়ন করতে পারে না তা বন্ধ করতে হবে,<br>সকল কাঠামো অবকাঠামো চিকিৎসা সেনাবাহিনীর ইঞ্জিনিয়ার দিয়ে করাতে হবে বা দায়িত্ব দিতে হবে,",blaming politicians or the government,blaming_politicians_or_the_government,89.64
113,@kyasaimogh,আতঙ্ক না তেল জিনিস পরিহার করুন,"vaccine hesitancy, conspiracy, or doubting the vaccine",vaccine_hesitancy_conspiracy_or_doubting_the_vaccine,43.31
114,@Mst.SubornaJannatSuborna,"আমি কুমুদিনীতে ভর্তি আছি আমার বাচ্চা কে নিয়ে,পাচদিনে দুই শিশুর মৃত্যু, আরো তিনজন আশংকাজনক",reporting hospital admission or death,reporting_hospital_admission_or_death,96.47
115,@Mst.SubornaJannatSuborna,"আজ সকালেও একটা বাচ্চা মারা গেছে, তিনদিন আগে এক বাবু মারা গেছে",reporting hospital admission or death,reporting_hospital_admission_or_death,44.94
